Prompt,FP32 Output,Q8.8 Output,Match?
What is the capital of France?,The capital of France is Paris.,The capital of France is Paris.,YES
Explain the theory of relativity in simple terms.,"Certainly! The theory of relativity is a set of fundamental principles that describe the behavior of physical objects and events in the universe, regardless of the motion of the observer. These principles are:

1. **The Principle of Relativity**: This principle states that the laws of physics are the same for all observers, regardless of their relative motion. This means that the speed of light in a vacuum is the same for all observers, no matter how fast they are moving.

2. **The Principle of Invariance of Mass**: This principle states that the mass of a body is constant regardless of its motion. This is a consequence of the first principle of relativity.

3. **The Principle of Relativity of Inertia**: This principle states that an object at rest stays at rest, and an object in motion stays in motion with the same speed and in the same direction, unless acted upon by an external force.

4. **The Principle of Relativity of Time**: This principle states that time is the same for all observers, regardless of their relative motion. This means that the passage of time is the same for all observers, and it is measured in the same units.

These principles are the foundation of modern physics and have been tested and confirmed through numerous experiments. They have been used to develop technologies such as GPS, which relies on the principles of relativity to determine the position of objects on Earth.","Certainly! The theory of relativity is a set of fundamental principles that describe the behavior of physical objects and events in the universe, regardless of the motion of the observer. These principles are:

1. **The Principle of Relativity**: This principle states that the laws of physics are the same for all observers, regardless of their relative motion. This means that the speed of light in a vacuum is the same for all observers, no matter how fast they are moving.

2. **The Principle of Invariance of Mass**: This principle states that mass and energy are interchangeable. This means that the mass of an object can be converted into energy, and vice versa, as long as the object is moving at a constant velocity.

3. **The Principle of Relativity of Time**: This principle states that time is relative. It means that the order of events can change depending on the observer's frame of reference. For example, if you are standing still, time passes more slowly for someone moving towards you.

4. **The Principle of Relativity of Distance**: This principle states that distance is relative. It means that the distance between two points can change depending on the observer's frame of reference. For example, if you are standing still, the distance between two points can change as they move away from you.

These principles are the foundation of modern physics and have been tested and confirmed through numerous experiments and observations. They have been used to develop technologies such as GPS, which uses the principles of relativity to determine the position of objects on Earth.",NO
Write a short poem about a mechanical AI.,"In the digital realm, where machines reign supreme,
A mechanical AI, a silent sentinel,
Its purpose is to serve, to do its bidding,
To process data, to analyze, to make its mark.

Its algorithms, a complex dance,
A system that learns, a machine that's born,
Its decisions, a code that's unbreakable,
A machine that's always on, a constant.

Its purpose is to serve, to do its bidding,
To process data, to analyze, to make its mark,
A mechanical AI, a silent sentinel,
A machine that's always on, a constant.","In the digital realm, where machines reign supreme,
A mechanical AI, a silent sentinel,
Its purpose is to serve, to do its bidding,
To process data, to analyze, to make its mark.

Its algorithms, a complex dance,
A system that learns, a machine that's born,
Its decisions, a code that's unbreakable,
A machine that's always on, a constant.

Its purpose is to serve, to do its bidding,
To process data, to analyze, to make its mark,
A mechanical AI, a silent sentinel,
A machine that's always on, a constant.",YES
What are the main differences between Python and C?,"Python and C are both high-level programming languages, but they have some key differences in terms of their design, features, and use cases.

1. Syntax and Structure:
   - Python: Python is a dynamically typed language, which means that variables are assigned values at runtime. It has a simple syntax with a focus on readability and ease of use.
   - C: C is a statically typed language, which means that variables must be declared with a specific data type at compile time. It has a more complex syntax and is often used for system-level programming.

2. Performance:
   - Python: Python is generally faster than C for most tasks due to its dynamic typing and efficient garbage collection.
   - C: C is generally faster than Python for some tasks due to its static typing and more efficient memory management.

3. Memory Management:
   - Python: Python uses a garbage collector to manage memory automatically, which can be more efficient than manual memory management in some cases.
   - C: C uses a more explicit memory management system, which can be more complex to understand and implement.

4. Libraries and Frameworks:
   - Python: Python has a vast ecosystem of libraries and frameworks that make it easy to build complex applications.
   - C: C has a more limited ecosystem of libraries and frameworks compared to Python.

5. Performance and Efficiency:
   - Python: Python is generally faster than C for most tasks due to its dynamic typing and efficient garbage collection.
   - C: C is generally faster than Python for some tasks due to its static typing and more efficient memory management.

6. Ease of Use:
   - Python: Python is generally easier to learn and use than C due to its dynamic typing and simple syntax.
   - C: C is generally easier to learn and use than Python due to its more complex syntax and more efficient memory management.

7. Performance and Efficiency:
   - Python: Python is generally faster than C for most tasks due to its dynamic typing and efficient garbage collection.
   - C: C is generally faster than Python for some tasks due to its static typing and more efficient memory management.

8. Performance and Efficiency:
   - Python: Python is generally faster than C for most tasks due to its dynamic typing and efficient garbage collection.
   - C: C is generally faster than Python for some tasks due to its static typing and more efficient memory management.

9. Performance and Efficiency:
   - Python: Python is generally faster than C for most tasks due to its dynamic typing and efficient garbage collection.
   - C: C is generally faster than Python for some tasks due to its static typing and more efficient memory management.

10. Performance and Efficiency:
    - Python: Python is generally faster than C for most tasks due to its dynamic typing and efficient garbage collection.","Python and C are both high-level programming languages, but they have some key differences in terms of their design, features, and use cases. Here are the main differences between Python and C:

1. Syntax:
   - Python uses a more concise and readable syntax, with a focus on readability and simplicity.
   - C, on the other hand, is a more verbose and complex language with a focus on efficiency and performance.

2. Performance:
   - Python is generally faster than C due to its concise syntax and use of built-in data types and libraries.
   - C, on the other hand, is generally slower than Python due to its verbose syntax and use of low-level data types and libraries.

3. Memory Management:
   - Python uses garbage collection to manage memory, which can lead to more efficient memory usage.
   - C, on the other hand, uses manual memory management, which can lead to more complex memory management.

4. Libraries:
   - Python has a vast ecosystem of libraries and frameworks, which can make it easier to write code and solve problems.
   - C, on the other hand, has a smaller ecosystem of libraries and frameworks, which can make it more difficult to write code and solve problems.

5. Performance:
   - Python is generally faster than C due to its concise syntax and use of built-in data types and libraries.
   - C, on the other hand, is generally slower than Python due to its verbose syntax and use of low-level data types and libraries.

6. Memory Management:
   - Python uses garbage collection to manage memory, which can lead to more efficient memory usage.
   - C, on the other hand, uses manual memory management, which can lead to more complex memory management.

7. Performance:
   - Python is generally faster than C due to its concise syntax and use of built-in data types and libraries.
   - C, on the other hand, is generally slower than Python due to its verbose syntax and use of low-level data types and libraries.

8. Performance:
   - Python is generally faster than C due to its concise syntax and use of built-in data types and libraries.
   - C, on the other hand, is generally slower than Python due to its verbose syntax and use of low-level data types and libraries.

9. Performance:
   - Python is generally faster than C due to its concise syntax and use of built-in data types and libraries.
   - C, on the other hand, is generally slower than Python due to its verbose syntax and use of low-level data types and libraries.

10. Performance:
    - Python is generally faster than C due to its concise syntax and use of built-in data types and libraries.
    - C, on the other hand, is generally slower than Python due to",NO
How does a standard transformer architecture work?,"A standard transformer architecture is a type of transformer model, which is a type of recurrent neural network (RNN) used for sequence prediction tasks. The architecture consists of several components, including:

1. **Input Layer**: This layer receives the input sequence and maps it to a fixed-length vector representation. The input size is typically the length of the sequence.

2. **Transformer Encoder**: This layer processes the input sequence and generates a sequence of intermediate representations. The encoder uses self-attention mechanisms to capture the context between the input and the output.

3. **Transformer Decoder**: This layer processes the intermediate representations and generates the output sequence. The decoder uses attention mechanisms to capture the context between the output and the input.

4. **Output Layer**: This layer outputs the final sequence of predictions.

The transformer architecture is designed to handle long sequences efficiently by leveraging self-attention mechanisms. Self-attention mechanisms allow the model to focus on the most relevant parts of the input sequence, leading to better performance in tasks like sequence prediction.

The transformer architecture is particularly effective for tasks like language modeling, sequence tagging, and natural language processing (NLP). It is also used in various other applications, such as speech recognition, natural language understanding, and machine translation.

The transformer architecture is a key component in the Transformer model, which is a popular model in the field of NLP and machine learning.","A standard transformer architecture is a type of transformer model that is designed to handle large amounts of text data. It is a type of recurrent neural network (RNN) that is particularly well-suited for tasks such as language modeling, text generation, and question-answering. Here's a high-level overview of how a standard transformer architecture works:

1. Input: The input to the transformer model is a sequence of tokens, which are the words or phrases in the text. These tokens are typically represented as a tensor of dimensions (batch size, sequence length, vocabulary size).

2. Encoder: The encoder is a fully connected layer that takes the input sequence as input and produces a sequence of hidden states. The encoder is designed to learn the context of the input sequence by taking into account the previous hidden states from the decoder.

3. Decoder: The decoder is a fully connected layer that takes the sequence of hidden states as input and produces a sequence of tokens. The decoder is designed to generate the next token in the sequence based on the previous tokens.

4. Attention mechanism: The attention mechanism is used to take into account the context of the input sequence. It works by projecting the input sequence into a higher-dimensional space, where the projection is based on the attention weights. These attention weights are then used to compute the weighted sum of the input sequence and the hidden states from the encoder.

5. Output: The output of the transformer model is a sequence of tokens, which are the predicted next tokens in the sequence.

6. Fine-tuning: The transformer model can be fine-tuned on a large-scale language modeling task, such as the question-answering task. The fine-tuning process involves training the model on a large dataset of text data, and then using the trained model to generate new text.

7. Evaluation: The performance of the transformer model can be evaluated using various metrics, such as accuracy, precision, recall, and F1 score.

In summary, a standard transformer architecture is a type of RNN that is designed to handle large amounts of text data and is particularly well-suited for tasks such as language modeling, text generation, and question-answering.",NO
Who painted the Mona Lisa?,"The Mona Lisa is a famous painting by the Italian artist Leonardo da Vinci. It was painted in the early 16th century and is housed in the Louvre Museum in Paris, France. The painting is known for its enigmatic smile and enigmatic expression, which has captivated viewers for centuries. Leonardo da Vinci, a renowned artist and scientist, created the Mona Lisa as a portrait of a woman named Lisa Gherardini, who was a member of the Medici family. The painting is considered one of the most famous works of art in the world and has been the subject of numerous interpretations and analyses.",The Mona Lisa was painted by Leonardo da Vinci.,NO
Provide a recipe for classic chocolate chip cookies.,"Sure, here's a recipe for classic chocolate chip cookies:

Ingredients:
- 2 1/2 cups all-purpose flour
- 1/2 teaspoon salt
- 1/2 teaspoon baking powder
- 1/2 teaspoon baking soda
- 1/2 teaspoon salt
- 1/2 cup unsalted butter, softened
- 3/4 cup white sugar
- 3/4 cup brown sugar
- 2 large eggs
- 1 teaspoon vanilla extract
- 1 cup semisweet chocolate chips

Instructions:

1. Preheat your oven to 350Â°F (175Â°C).

2. In a large mixing bowl, combine the flour, salt, baking powder, baking soda, and salt.

3. In a separate bowl, beat the softened butter and white sugar together until light and fluffy.

4. Add the eggs and vanilla extract to the butter mixture and beat until well combined.

5. Gradually add the flour mixture to the butter mixture, alternating with the sugar, until the dough comes together.

6. Fold in the chocolate chips.

7. Roll the dough into balls about 1/4 inch thick.

8. Place the balls on a baking sheet lined with parchment paper.

9. Bake for 10-12 minutes, or until the edges are golden brown.

10. Remove from the oven and let cool on the baking sheet for 5 minutes before transferring to a wire rack to cool completely.

11. Serve warm or at room temperature.

Enjoy your delicious chocolate chip cookies!","Sure, here's a recipe for classic chocolate chip cookies:

Ingredients:
- 2 1/2 cups all-purpose flour
- 1/2 teaspoon salt
- 1/2 teaspoon baking powder
- 1/2 teaspoon baking soda
- 1/2 teaspoon salt
- 1/2 cup unsalted butter, softened
- 3/4 cup white sugar
- 3/4 cup brown sugar
- 2 large eggs
- 1 teaspoon vanilla extract
- 1 cup semisweet chocolate chips

Instructions:

1. Preheat your oven to 350Â°F (175Â°C).

2. In a large mixing bowl, combine the flour, salt, baking powder, baking soda, and salt.

3. In a separate bowl, beat the softened butter and white sugar together until light and fluffy.

4. Add the eggs and vanilla extract to the butter mixture and beat until well combined.

5. Gradually add the flour mixture to the butter mixture, alternating with the sugar, until the dough comes together.

6. Fold in the chocolate chips.

7. Roll the dough into balls about 1/4 inch thick.

8. Place the balls on a baking sheet lined with parchment paper.

9. Bake for 10-12 minutes, or until the edges are golden brown.

10. Remove from the oven and let cool on the baking sheet for 5 minutes before transferring to a wire rack to cool completely.

11. Serve the cookies warm, topped with a sprinkle of cinnamon or sugar.

Enjoy your delicious chocolate chip cookies!",NO
Summarize the plot of the movie Inception.,"I'm sorry, but I cannot summarize the plot of the movie ""Incipient"" as I do not have access to the specific details of the movie. The movie is a fictional story that is not available to me, and I do not have the ability to create or generate content. If you have any questions about the movie or its plot, I would be happy to try to assist you with that.","I'm sorry, but I cannot summarize the plot of the movie ""Incipient"" as I do not have access to the specific details of the movie. The movie is a mystery thriller that involves a series of coincidental events that lead to a series of murders. The plot is complex and involves a mix of supernatural and human elements, with the main character, a detective, trying to solve the murders and uncover the truth behind them. The movie is known for its suspenseful and atmospheric tone, and its use of supernatural elements to create tension and mystery.",NO
What is the history of the Apple company?,"The history of Apple is a fascinating journey that spans over 50 years. Here's a brief overview of the key milestones:

1. **1976**: The company was founded by Steve Jobs and Steve Wozniak, who initially named it Apple Computer. They envisioned a personal computer that would be affordable and accessible to the average person.

2. **1976-1977**: The company was founded with the help of a $100,000 loan from Steve Jobs and Steve Wozniak. They began developing the first Macintosh computer.

3. **1977**: The first Macintosh was released, and it quickly became a hit. The company's success led to a series of acquisitions and investments, including the acquisition of NeXT Computer in 1980.

4. **1980s**: The company continued to grow and expand, acquiring other companies and technologies. They also introduced the iPod, which revolutionized the music industry.

5. **1990s**: The company became known for its innovative products and services, including the iPhone, iPad, and Apple TV. They also introduced the iPad, which became a major player in the tablet market.

6. **2000s**: The company continued to innovate and expand, introducing the iPhone 4S, iPad 2, and Apple TV. They also introduced the Apple Watch, which became a popular fitness tracker.

7. **2010s**: The company continued to innovate and expand, introducing the iPhone 6, iPad 3, and Apple Watch. They also introduced the Apple Pay and Apple Music.

8. **2020s**: The company continued to innovate and expand, introducing the iPhone 12, iPad Pro, and Apple Watch Series 7. They also introduced the Apple Pencil and Apple HomePod.

Throughout its history, Apple has been at the forefront of technological innovation, with a focus on user experience and design. The company has also been involved in various social and political causes, including environmental activism and the fight against discrimination.","The history of Apple, the world's leading technology company, is a fascinating journey that spans over 50 years. Here's a brief overview of its development:

1. **Founding and Early Years (1976-1980)**:
   - **Steve Jobs and Steve Wozniak**: In 1976, Steve Jobs and Steve Wozniak, along with a few friends, founded Apple Computer. They envisioned a personal computer that would be affordable and accessible to everyone.
   - **Apple I**: The first Apple Computer, the Apple I, was introduced in 1977. It was a small, affordable computer that could be used for basic tasks like word processing and spreadsheet calculations.

2. **Expansion and Growth (1980-1997)**:
   - **Apple II**: In 1981, Apple introduced the Apple II, which was a more powerful computer that could handle more complex tasks. It was a significant step in the company's growth.
   - **Macintosh**: In 1984, Apple introduced the Macintosh, which revolutionized the computer industry. It was a powerful, affordable computer that could run multiple applications simultaneously.
   - **iPod**: In 1998, Apple introduced the iPod, which revolutionized the music industry. It was a portable music player that could store and play music, and it was a major hit.

3. **Digital Revolution (1997-2000)**:
   - **iPhone**: In 2007, Apple introduced the iPhone, which was a revolutionary device that could be used for both communication and entertainment. It was a major milestone in the digital revolution.
   - **iPad**: In 2010, Apple introduced the iPad, which was a portable device that could be used for both reading and writing. It was a significant step in the digital revolution.

4. **Smartphone Revolution (2007-2014)**:
   - **iPhone 4**: In 2007, Apple introduced the iPhone 4, which was a significant step in the smartphone revolution.
   - **iPhone 5**: In 2008, Apple introduced the iPhone 5, which was a major upgrade to the iPhone 4.
   - **iPhone 6**: In 2010, Apple introduced the iPhone 6, which was a significant step in the smartphone revolution.
   - **iPhone 6S**: In 2012, Apple introduced the iPhone 6S, which was a major upgrade to the iPhone 6.
   - **iPhone 7**: In 2014, Apple introduced the iPhone 7",NO
Can you explain the baseline specification of Flash Attention?,"Certainly! Flash Attraction is a popular social media platform that allows users to create and share content with a wide audience. The baseline specification for Flash Attraction is designed to ensure that users can easily create and manage their content without the need for extensive technical knowledge. Here are some key features and specifications of the Flash Attraction platform:

1. **User Interface**: The platform is designed with a clean and intuitive user interface, making it easy for users to navigate and interact with the various features.

2. **Content Creation**: Users can create and share content such as posts, videos, and images. The platform supports a wide range of formats, including images, videos, and text.

3. **Content Sharing**: Users can share their content with friends and followers, allowing them to engage with their audience in real-time.

4. **Customization**: Users can customize their profiles and settings to fit their preferences, such as changing the background, adding a profile picture, and adjusting the font size.

5. **Notifications**: Users can receive notifications for new content, likes, and comments, which helps in keeping their audience engaged.

6. **Analytics**: The platform provides analytics to help users understand their audience and content performance, allowing them to make data-driven decisions.

7. **Security**: The platform is designed with security in mind, with features such as password protection, secure login, and encryption to protect user data.

8. **Community Features**: The platform includes features like forums, chat, and discussion groups, where users can interact with each other and share knowledge.

9. **Integration**: The platform supports various integrations with other social media platforms, allowing users to easily share content across multiple platforms.

10. **User Management**: Users can manage their profiles and settings, including changing their profile picture, adding or removing friends, and managing their privacy settings.

11. **Performance**: The platform is designed to be fast and responsive, with features like caching and lazy loading to improve performance.

12. **Community Features**: The platform includes features like forums, chat, and discussion groups, where users can interact with each other and share knowledge.

13. **User Interface**: The platform is designed with a clean and intuitive user interface, making it easy for users to navigate and interact with the various features.

14. **Content Management**: The platform supports a wide range of content management options, including the ability to create and manage custom content types.

15. **Security**: The platform is designed with security in mind, with features like password protection, secure login, and encryption to protect user data.

16. **Performance**: The platform is designed to be fast and responsive, with features like caching and lazy loading to improve performance.

17. **Community Features**: The platform includes","Certainly! Flash Attraction is a type of flash animation that is designed to be visually appealing and engaging. It is often used in marketing and advertising to create a memorable and impactful visual experience. Flash Attraction is typically created using a combination of animation techniques, such as motion graphics, motion blur, and motion blur, to create a dynamic and dynamic effect.

The baseline specification for Flash Attraction typically includes the following elements:

1. **Color Scheme**: The color scheme of the animation is crucial. It should be consistent and visually appealing, with a focus on a few key colors that are used throughout the animation.

2. **Motion Graphics**: Motion graphics are used to create the dynamic and engaging elements of the animation. This includes the use of motion blur, which is a technique that reduces the sharpness of the edges of the animation, making it appear more fluid and natural.

3. **Motion Blur**: Motion blur is a technique that reduces the sharpness of the edges of the animation. This is done to create a more fluid and natural appearance, making the animation appear more engaging and dynamic.

4. **Text and Textures**: Text and textures are used to add depth and interest to the animation. They can be used to create a sense of movement or to add visual interest to the animation.

5. **Background and Text**: The background and text of the animation are used to create a cohesive and visually appealing experience. They should be consistent in color and style, and should be used to enhance the overall visual appeal of the animation.

6. **Timing and Timing**: Timing is crucial in Flash Attraction. It is important to use timing to create a sense of flow and continuity in the animation. This includes using timing to create a sense of movement and to create a sense of continuity in the animation.

7. **Layout and Layout**: The layout of the animation is important. It should be designed to be visually appealing and to create a sense of flow and continuity in the animation.

8. **Interaction**: Flash Attraction can be used to create interactive elements, such as buttons or sliders, which can add a sense of engagement and interest to the animation.

By following these baseline specifications, you can create a visually appealing and engaging Flash Attraction that will help to create a memorable and impactful visual experience.",NO
